<?xml version="1.0" encoding="UTF-8" ?>
<EmulatedDevices>
    <Device name="Default"
        device_id="default"
        dpi="96"
        width="0"
        height="0"
        ></Device>
    <Device name="iPad 2"
        device_id="ipad_2"
        dpi="132"
        width="1024"
        height="768"
        DEPRECATED_device_form="mobile"
        device_form="tablet"
        wireframe_image_filename="iPad2.png"
        wireframe_screen_x="112"
        wireframe_screen_y="60"
        platform="IOS"
        landscape_keyboard_height="398"
        portrait_keyboard_height="313"
        native_edit_box_height="28"
        landscape_keyboard_image_filename="keyboard_tablet_landscape.png"
        portrait_keyboard_image_filename="keyboard_tablet_portrait.png"
        ></Device>
    <Device name="iPad Mini"
        device_id="ipad_mini"
        dpi="163"
        width="1024"
        height="768"
        DEPRECATED_device_form="mobile"
        device_form="tablet"
        wireframe_image_filename="iPad_Mini.png"
        wireframe_screen_x="112"
        wireframe_screen_y="60"
        platform="IOS"
        landscape_keyboard_height="398"
        portrait_keyboard_height="313"
        native_edit_box_height="28"
        landscape_keyboard_image_filename="keyboard_tablet_landscape.png"
        portrait_keyboard_image_filename="keyboard_tablet_portrait.png"
        ></Device>
    <Device name="iPad Pro"
        device_id="ipad_pro"
        dpi="132"
        width="1366"
        height="1024"
        DEPRECATED_device_form="mobile"
        device_form="tablet"
        wireframe_image_filename="iPad_Pro.png"
        wireframe_screen_x="144"
        wireframe_screen_y="74"
        platform="IOS"
        landscape_keyboard_height="471"
        portrait_keyboard_height="378"
        native_edit_box_height="28"
        landscape_keyboard_image_filename="keyboard_tablet_landscape.png"
        portrait_keyboard_image_filename="keyboard_tablet_portrait.png"
        ></Device>
    <Device name="iPhone 4S"
        device_id="iphone_4s"
        dpi="163"
        width="480"
        height="320"
        wireframe_image_filename="iPhone4_S.png"
        wireframe_screen_x="128"
        wireframe_screen_y="28"
        platform="IOS"
        DEPRECATED_device_form="mobile"
        device_form="phone"
        landscape_keyboard_height="162"
        portrait_keyboard_height="216"
        native_edit_box_height="28"
        landscape_keyboard_image_filename="keyboard_phone_landscape.png"
        portrait_keyboard_image_filename="keyboard_phone_portrait.png"
        ></Device>
    <Device name="iPhone 5"
        device_id="iphone_5"
        dpi="163"
        width="568"
        height="320"
        DEPRECATED_device_form="mobile"
        device_form="phone"
        wireframe_image_filename="iPhone5.png"
        wireframe_screen_x="86"
        wireframe_screen_y="20"
        platform="IOS"
        landscape_keyboard_height="162"
        portrait_keyboard_height="216"
        native_edit_box_height="28"
        landscape_keyboard_image_filename="keyboard_phone_landscape.png"
        portrait_keyboard_image_filename="keyboard_phone_portrait.png"
        ></Device>
    <Device name="iPhone 6"
        device_id="iphone_6"
        dpi="163"
        width="667"
        height="375"
        DEPRECATED_device_form="mobile"
        device_form="phone"
        wireframe_image_filename="iPhone6.png"
        wireframe_screen_x="101"
        wireframe_screen_y="25"
        platform="IOS"
        landscape_keyboard_height="162"
        portrait_keyboard_height="216"
        native_edit_box_height="28"
        landscape_keyboard_image_filename="keyboard_phone_landscape.png"
        portrait_keyboard_image_filename="keyboard_phone_portrait.png"
        ></Device>
    <Device name="iPhone 6 Plus"
        device_id="iphone_6_Plus"
        dpi="153"
        width="736"
        height="414"
        DEPRECATED_device_form="mobile"
        device_form="phone"
        wireframe_image_filename="iPhone6_Plus.png"
        wireframe_screen_x="111"
        wireframe_screen_y="30"
        platform="IOS"
        landscape_keyboard_height="162"
        portrait_keyboard_height="226"
        native_edit_box_height="28"
        landscape_keyboard_image_filename="keyboard_phone_landscape.png"
        portrait_keyboard_image_filename="keyboard_phone_portrait.png"
        ></Device>
    <Device name="iPhone 7"
        device_id="iphone_7"
        dpi="163"
        width="667"
        height="375"
        DEPRECATED_device_form="mobile"
        device_form="phone"
        wireframe_image_filename="iPhone7.png"
        wireframe_screen_x="101"
        wireframe_screen_y="25"
        platform="IOS"
        landscape_keyboard_height="162"
        portrait_keyboard_height="216"
        native_edit_box_height="28"
        landscape_keyboard_image_filename="keyboard_phone_landscape.png"
        portrait_keyboard_image_filename="keyboard_phone_portrait.png"
        ></Device>
    <Device name="iPhone 7 Plus"
        device_id="iphone_7_Plus"
        dpi="153"
        width="736"
        height="414"
        DEPRECATED_device_form="mobile"
        device_form="phone"
        wireframe_image_filename="iPhone7_Plus.png"
        wireframe_screen_x="111"
        wireframe_screen_y="30"
        platform="IOS"
        landscape_keyboard_height="162"
        portrait_keyboard_height="226"
        native_edit_box_height="28"
        landscape_keyboard_image_filename="keyboard_phone_landscape.png"
        portrait_keyboard_image_filename="keyboard_phone_portrait.png"
        ></Device>
    <Device name="iPod Touch 6th Generation"
        device_id="iPod_Touch_6th_Generation"
        dpi="163"
        width="568"
        height="320"
        DEPRECATED_device_form="mobile"
        device_form="phone"
        wireframe_image_filename="iPhone5.png"
        wireframe_screen_x="86"
        wireframe_screen_y="20"
        platform="IOS"
        landscape_keyboard_height="162"
        portrait_keyboard_height="216"
        native_edit_box_height="28"
        landscape_keyboard_image_filename="keyboard_phone_landscape.png"
        portrait_keyboard_image_filename="keyboard_phone_portrait.png"
        ></Device>
    <Device name="Samsung Tab A"
        device_id="samsung_tab_a"
        dpi="132"
        width="1024"
        height="768"
        DEPRECATED_device_form="mobile"
        device_form="tablet"
        wireframe_image_filename="Samsung_Tab_A.png"
        wireframe_screen_x="116"
        wireframe_screen_y="39"
        platform="Android"
        landscape_keyboard_height="376"
        portrait_keyboard_height="359"
        native_edit_box_height="25"
        landscape_keyboard_image_filename="keyboard_tablet_landscape.png"
        portrait_keyboard_image_filename="keyboard_tablet_portrait.png"
        ></Device>
    <Device name="Samsung GT-N5110"
        device_id="samsung_gt_N5110"
        dpi="140"
        width="961"
        height="600"
        DEPRECATED_device_form="mobile"
        device_form="tablet"
        wireframe_image_filename="Samsung_GT-N5110.png"
        wireframe_screen_x="100"
        wireframe_screen_y="73"
        platform="Android"
        landscape_keyboard_height="319"
        portrait_keyboard_height="319"
        native_edit_box_height="33"
        landscape_keyboard_image_filename="keyboard_tablet_landscape.png"
        portrait_keyboard_image_filename="keyboard_tablet_portrait.png"
        ></Device>
    <Device name="Samsung Galaxy S3"
        device_id="samsung_galaxy_s3"
        dpi="153"
        width="640"
        height="360"
        wireframe_image_filename="Samsung_Galaxy_S3.png"
        wireframe_screen_x="88"
        wireframe_screen_y="28"
        platform="Android"
        DEPRECATED_device_form="mobile"
        device_form="phone"
        landscape_keyboard_height="200"
        portrait_keyboard_height="264"
        native_edit_box_height="48"
        landscape_keyboard_image_filename="keyboard_phone_landscape.png"
        portrait_keyboard_image_filename="keyboard_phone_portrait.png"
        ></Device>
    <Device name="Samsung Galaxy S7"
        device_id="samsung_galaxy_s7"
        dpi="144"
        width="640"
        height="360"
        wireframe_image_filename="Samsung_Galaxy_S7.png"
        wireframe_screen_x="88"
        wireframe_screen_y="26"
        DEPRECATED_device_form="mobile"
        device_form="phone"
        platform="Android"
        landscape_keyboard_height="212"
        portrait_keyboard_height="282"
        native_edit_box_height="58"
        landscape_keyboard_image_filename="keyboard_phone_landscape.png"
        portrait_keyboard_image_filename="keyboard_phone_portrait.png"
        ></Device>
    <Device name="Xbox One"
        device_id="xbox"
        dpi="96"
        width="1920"
        height="1080"
        DEPRECATED_device_form="console"
        device_form="console"
        platform="XBoxOne"
        ></Device>
    <Device name="Average Laptop"
        device_id="average_laptop"
        dpi="96"
        width="1366"
        height="768"
        ></Device>
    <Device name="HD 720"
        device_id="hd_720"
        dpi="96"
        width="1280"
        height="720"
        ></Device>
    <Device name="HD 1080"
        device_id="hd_1080"
        dpi="96"
        width="1920"
        height="1080"
        ></Device>
    <Device name="VGA"
        device_id="vga"
        dpi="96"
        height="480"
        width="640"
        ></Device>
</EmulatedDevices>
